CREATE TABLE ACTOR (ACT_ID INTEGER PRIMARY KEY,ACT_NAME VARCHAR(20),
ACT_GENDER CHAR(1));

DESC ACTOR;
 


INSERT INTO ACTOR VALUES(101,'RAHUL','M');
INSERT INTO ACTOR VALUES(102,'ANKITHA','F');
INSERT INTO ACTOR VALUES(103,'RADHIKA','F');
INSERT INTO ACTOR VALUES(104,'CHETHAN','M');
INSERT INTO ACTOR VALUES(105,'VIVAN','M');

SELECT * FROM ACTOR;


CREATE TABLE DIRECTOR(DIR_ID INTEGER PRIMARY KEY,DIR_NAME VARCHAR(20),
DIR_PHONE INTEGER);

DESC DIRECTOR;




INSERT INTO DIRECTOR VALUES(201,'ANUP',918181818);
INSERT INTO DIRECTOR VALUES(202,'HITCHCOCK',918181812);
INSERT INTO DIRECTOR VALUES(203,'SHASHANK',918181813);
INSERT INTO DIRECTOR VALUES(204,'STEVEN SPIELBERG',918181814);
INSERT INTO DIRECTOR VALUES(205,'ANAND',918181815);

SELECT * FROM DIRECTOR;




CREATE TABLE MOVIES(MOV_ID INTEGER PRIMARY KEY,MOV_TITLE VARCHAR(25),
MOV_YEAR INTEGER,MOV_LANG VARCHAR(15),DIR_ID INTEGER,FOREIGN KEY (DIR_ID) REFERENCES DIRECTOR(DIR_ID));

DESC MOVIES;





INSERT INTO MOVIES VALUES(1001,'MANASU',2017,'KANNADA',201);
INSERT INTO MOVIES VALUES(1002,'AAKASHAM',2015,'TELUGU',202);
INSERT INTO MOVIES VALUES(1003,'KALIYONA',2008,'KANNADA',201);
INSERT INTO MOVIES VALUES(1004,'WAR HORSE',2011,'ENGLISH',204);
INSERT INTO MOVIES VALUES(1005,'HOME',2012,'ENGLISH',205);

SELECT * FROM MOVIES;






CREATE TABLE MOVIE_CAST(ACT_ID INTEGER,MOV_ID INTEGER,ROLE VARCHAR(10),
PRIMARY KEY (ACT_ID,MOV_ID),FOREIGN KEY (ACT_ID) REFERENCES ACTOR(ACT_ID),
FOREIGN KEY (MOV_ID) REFERENCES MOVIES(MOV_ID));

DESC MOVIE_CAST;



INSERT INTO MOVIE_CAST VALUES(101,1002,'HERO');
INSERT INTO MOVIE_CAST VALUES(101,1001,'HERO');
INSERT INTO MOVIE_CAST VALUES(103,1003,'HEROINE');
INSERT INTO MOVIE_CAST VALUES(103,1002,'GUEST');
INSERT INTO MOVIE_CAST VALUES(104,1004,'HERO');

SELECT * FROM MOVIE_CAST;




CREATE TABLE RATING(MOV_ID INTEGER PRIMARY KEY,REV_STARS VARCHAR(25),
FOREIGN KEY (MOV_ID) REFERENCES MOVIES(MOV_ID));

DESC RATING;

INSERT INTO RATING VALUES(1001,4);
INSERT INTO RATING VALUES(1002,2);
INSERT INTO RATING VALUES(1003,5);
INSERT INTO RATING VALUES(1004,4);
INSERT INTO RATING VALUES(1005,3);

SELECT * FROM RATING;